name,value
大于0个数,22.0
小于0个数,8.0
最大值,2.153717975424957
最小值,0.5867597827435915
总收益,1.212725161689636
