name,value
大于0个数,23.0
小于0个数,7.0
最大值,1.8828210486931216
最小值,0.7395580120875551
总收益,1.2304025545221366
