name,value
大于0个数,21.0
小于0个数,9.0
最大值,2.1253167299745
最小值,0.466444151401879
总收益,1.1431087892186058
