name,value
大于0个数,21.0
小于0个数,9.0
最大值,2.2375210870100277
最小值,0.6458127356956758
总收益,1.155088385895248
