name,value
大于0个数,18.0
小于0个数,12.0
最大值,2.033161675444517
最小值,0.620399818534132
总收益,1.1260319829990435
