name,value
大于0个数,19.0
小于0个数,11.0
最大值,2.150634377553902
最小值,0.6419003579315863
总收益,1.1529825929832316
